ep,t,cp,cv,theta_rad,theta_dot_rad,cp_fz,cv_fz,pd_fz,pv_fz,a,a_f,a_q,q0,q1,fz0,fz1,mu_cp_L,mu_cp_R,mu_cv_L,mu_cv_R,mu_pd_L,mu_pd_R,mu_pv_L,mu_pv_R,xi_top1,xi_top1_v,xi_top2,xi_top2_v,xi_top3,xi_top3_v
260,0,0.025974629446864128,0.020595455542206764,0.049826979637145996,0.005640564486384392,0.025974629446864128,0.020595455542206764,0.4163360297679901,0.002542422153055668,1,1,0,48.734127044677734,48.0635871887207,-4.80169677734375,4.801694869995117,0.27039915323257446,0.28580549359321594,0.2350478619337082,0.24445000290870667,0.015428081154823303,0.20576289296150208,0.2762312889099121,0.2798505127429962,15,0.1226346343755722,14,0.12104863673448563,11,0.11791782081127167
260,1,0.02638653852045536,0.2149687111377716,0.04993979260325432,-0.2709144055843353,0.02638653852045536,0.2149687111377716,0.4172786772251129,-0.12211167812347412,1,1,0,48.982906341552734,48.095314025878906,-4.7317705154418945,4.731768608093262,0.27027904987335205,0.28592973947525024,0.19391928613185883,0.2920207977294922,0.015372160822153091,0.20622311532497406,0.3728867173194885,0.1995496302843094,14,0.18726922571659088,6,0.17701883614063263,10,0.12435798346996307
260,2,0.0306859128177166,0.40934377908706665,0.044521503150463104,-0.547437310218811,0.0306859128177166,0.40934377908706665,0.3720054030418396,-0.2467513233423233,1,1,0,48.154808044433594,47.48346710205078,-4.425012588500977,4.425010681152344,0.2690276801586151,0.28722840547561646,0.15808002650737762,0.34469130635261536,0.018268363550305367,0.18491047620773315,0.4837190806865692,0.13674768805503845,14,0.2511642873287201,6,0.23524881899356842,10,0.11518728733062744
260,3,0.03887278959155083,0.6038128733634949,0.03357275575399399,-0.825766921043396,0.03887278959155083,0.6038128733634949,0.2805216908454895,-0.37220531702041626,1,1,0,48.004493713378906,47.094444274902344,-3.718214988708496,3.7182135581970215,0.2666548788547516,0.28971096873283386,0.12731464207172394,0.40204060077667236,0.025606602430343628,0.1466895341873169,0.6038185358047485,0.08979979157447815,14,0.29310575127601624,6,0.2697794735431671,10,0.09281812608242035
260,4,0.05094904825091362,0.7984600067138672,0.017057418823242188,-1.107704520225525,0.05094904825091362,0.7984600067138672,0.1425255537033081,-0.49928557872772217,1,1,0,49.80115509033203,47.64671325683594,-2.136155605316162,2.1361541748046875,0.2631785571575165,0.2933962345123291,0.10129160434007645,0.4633941650390625,0.041432421654462814,0.10057354718446732,0.7254848480224609,0.0562889464199543,14,0.28430646657943726,6,0.2550249695777893,12,0.11712329089641571
260,5,0.06691824644804001,0.9933536648750305,-0.005096672102808952,-1.3949878215789795,0.06691824644804001,0.9933536648750305,-0.04258593171834946,-0.6287753582000732,0,0,0,50.1748046875,44.041927337646484,0.8062306642532349,-0.8062319159507751,0.2586253583431244,0.29831185936927795,0.07959949970245361,0.5278089642524719,0.07491925358772278,0.05747968330979347,0.8382877111434937,0.0335162952542305,12,0.2532399892807007,4,0.21954970061779022,14,0.19429123401641846
260,6,0.08678531646728516,0.7982954978942871,-0.03299642726778984,-1.103902816772461,0.08678531646728516,0.7982954978942871,-0.27570608258247375,-0.49757200479507446,0,0,0,50.72175216674805,47.42926025390625,3.723085880279541,-3.7230875492095947,0.25303059816360474,0.30449432134628296,0.10131169855594635,0.4633408486843109,0.14485269784927368,0.026055093854665756,0.7238903641700745,0.05666017532348633,12,0.3522575795650482,4,0.2927212417125702,8,0.07702281326055527
260,7,0.1027512326836586,0.6036226749420166,-0.055074483156204224,-0.8217517137527466,0.1027512326836586,0.6036226749420166,-0.460182249546051,-0.3703955113887787,0,0,0,51.19877624511719,50.272125244140625,4.6963043212890625,-4.696306228637695,0.24859067797660828,0.30951616168022156,0.1273423284292221,0.4019824266433716,0.22791509330272675,0.013008682057261467,0.6020623445510864,0.09037211537361145,12,0.3464162349700928,4,0.2782273292541504,8,0.1097397580742836
260,8,0.11482368409633636,0.40929582715034485,-0.07150951772928238,-0.5468870997428894,0.11482368409633636,0.40929582715034485,-0.5975074172019958,-0.2465033233165741,0,0,1,50.41961669921875,50.894222259521484,4.939357757568359,-4.939359664916992,0.2452668696641922,0.31334471702575684,0.15808825194835663,0.3446776568889618,0.30707696080207825,0.007457904051989317,0.4834877848625183,0.13685594499111176,12,0.2926061153411865,4,0.229033961892128,8,0.13420535624027252
260,9,0.12300959974527359,0.21524755656719208,-0.08244726061820984,-0.27756449580192566,0.12300959974527359,0.21524755656719208,-0.6888992190361023,-0.12510913610458374,0,0,1,49.439247131347656,50.82676696777344,4.9673075675964355,-4.96730899810791,0.24302938580513,0.3159560561180115,0.193864107131958,0.29209277033805847,0.36757391691207886,0.005055316258221865,0.37540289759635925,0.1978364884853363,12,0.21946796774864197,4,0.16881197690963745,8,0.14566248655319214
260,10,0.12731455266475677,0.02139268070459366,-0.08799855411052704,-0.011981965973973274,0.12731455266475677,0.02139268070459366,-0.7352837920188904,-0.005400739144533873,0,0,1,48.823699951171875,50.35210418701172,4.934911727905273,-4.934913635253906,0.24185806512832642,0.3173341453075409,0.23486824333667755,0.24463430047035217,0.400419145822525,0.004126428160816431,0.28189754486083984,0.2742093503475189,12,0.14526310563087463,13,0.14130134880542755,8,0.13946405053138733
260,11,0.12774240970611572,-0.1723642647266388,-0.0882381871342659,0.25169065594673157,0.12774240970611572,-0.1723642647266388,-0.7372860312461853,0.11344678699970245,0,0,1,48.121864318847656,49.626033782958984,4.890643119812012,-4.8906450271606445,0.24174188077449799,0.3174712359905243,0.2811465859413147,0.20247744023799896,0.401866614818573,0.00409006979316473,0.20455923676490784,0.3656604588031769,9,0.2094995379447937,1,0.15952567756175995,13,0.15087834000587463
260,12,0.12429512292146683,-0.36612266302108765,-0.08320437371730804,0.5152891874313354,0.12429512292146683,-0.36612266302108765,-0.6952253580093384,0.23226091265678406,0,0,1,48.295867919921875,49.5063362121582,4.837477684020996,-4.837479591369629,0.2426791936159134,0.3163672089576721,0.33255770802497864,0.1655999720096588,0.3719733953475952,0.004918364342302084,0.14318214356899261,0.47026365995407104,9,0.285823255777359,1,0.21924951672554016,13,0.14232812821865082
260,13,0.1169726699590683,-0.5599803924560547,-0.07289859652519226,0.7806358933448792,0.1169726699590683,-0.5599803924560547,-0.6091140508651733,0.3518630266189575,0,0,1,48.074440002441406,48.789058685302734,4.7372331619262695,-4.737235069274902,0.24467818439006805,0.3140290081501007,0.3887403905391693,0.13381975889205933,0.31442925333976746,0.0071044061332941055,0.09640058875083923,0.5840875506401062,9,0.3509586751461029,1,0.2734522223472595,13,0.12081380188465118
260,14,0.10577306151390076,-0.7540285587310791,-0.05728587508201599,1.0495219230651855,0.10577306151390076,-0.7540285587310791,-0.47865983843803406,0.4730604290962219,0,0,1,48.40972137451172,48.83103561401367,4.463311195373535,-4.463313102722168,0.2477560043334961,0.31047192215919495,0.4490874707698822,0.10683201253414154,0.23770703375339508,0.012094024568796158,0.06219498813152313,0.7008848786354065,9,0.3926873505115509,1,0.3133637607097626,13,0.09341516345739365
260,15,0.09069249033927917,-0.9483456611633301,-0.036295436322689056,1.3236865997314453,0.09069249033927917,-0.9483456611633301,-0.30327141284942627,0.5966371297836304,0,0,1,47.781898498535156,48.60776138305664,3.593043804168701,-3.593045234680176,0.25193941593170166,0.30571889877319336,0.5127289295196533,0.08424530923366547,0.1556001901626587,0.023576924577355385,0.03827188163995743,0.8119974732398987,9,0.3904842138290405,1,0.3217935562133789,13,0.0641595646739006
260,16,0.07172557711601257,-1.1429908275604248,-0.00982170645147562,1.6047935485839844,0.07172557711601257,-1.1429908275604248,-0.08206658810377121,0.723343014717102,0,0,1,49.67761993408203,49.77988052368164,1.0351110696792603,-1.0351123809814453,0.25726449489593506,0.2998010814189911,0.5785272121429443,0.06561417877674103,0.08434071391820908,0.050613995641469955,0.022337548434734344,0.9066761136054993,9,0.29480791091918945,1,0.25297975540161133,11,0.1769181787967682
260,17,0.04886575788259506,-1.337995171546936,0.022274164482951164,1.8943984508514404,0.04886575788259506,-1.337995171546936,0.18611478805541992,0.8538792133331299,1,1,1,25.96152687072754,50.98976135253906,-3.02176570892334,3.0217642784118652,0.26377618312835693,0.2927584648132324,0.6450890302658081,0.05046761408448219,0.03572029620409012,0.11372314393520355,0.01228727214038372,0.9730404615402222,11,0.3666224181652069,3,0.3303277790546417,9,0.11515563726425171
260,18,0.022105854004621506,-1.1431217193603516,0.06016213446855545,1.6087087392807007,0.022105854004621506,-1.1431217193603516,0.5026928186416626,0.725107729434967,1,1,1,28.9674072265625,52.77103805541992,-5.105658531188965,5.105657577514648,0.2715284526348114,0.28464028239250183,0.5785718560218811,0.06560288369655609,0.010989912785589695,0.250847190618515,0.022164221853017807,0.907806396484375,11,0.4298733174800873,3,0.4100714325904846,15,0.04874230921268463
260,19,-0.0007565789273940027,-0.9487600922584534,0.09233630448579788,1.3353707790374756,-0.0007565789273940027,-0.9487600922584534,0.771528422832489,0.6019036173820496,1,1,1,31.196582794189453,53.05873107910156,-5.474356651306152,5.474355697631836,0.278261661529541,0.2778129577636719,0.5128672122955322,0.08420158177614212,0.003511719638481736,0.42697572708129883,0.037455473095178604,0.8163963556289673,3,0.4076228737831116,11,0.40696558356285095,7,0.06692276149988174
260,20,-0.019731780514121056,-0.7549149990081787,0.11904372274875641,1.0729501247406006,-0.019731780514121056,-0.7549149990081787,0.9946858882904053,0.48362043499946594,1,1,1,35.25202560424805,54.02140426635742,-5.5535736083984375,5.553571701049805,0.2839266359806061,0.27222299575805664,0.44937124848365784,0.10671921074390411,0.0012355153448879719,0.6022331714630127,0.05975838750600815,0.7108390927314758,3,0.37977373600006104,11,0.3641192615032196,7,0.09019080549478531
260,21,-0.03483008220791817,-0.5615504384040833,0.1405027210712433,0.8198723196983337,-0.03483008220791817,-0.5615504384040833,1.1739894151687622,0.36954841017723083,1,1,1,40.376380920410156,53.66482925415039,-5.58216667175293,5.582164764404297,0.2884834408760071,0.2678249478340149,0.3892131745815277,0.13358250260353088,0.0005005791899748147,0.7445890307426453,0.09064099937677383,0.601240336894989,3,0.33526065945625305,11,0.3112524151802063,7,0.11506536602973938
260,22,-0.046061087399721146,-0.36860209703445435,0.15690016746520996,0.5744739174842834,-0.046061087399721146,-0.36860209703445435,1.3110004663467407,0.2589377760887146,1,1,1,46.256813049316406,52.2786865234375,-5.5931596755981445,5.593157768249512,0.29190123081207275,0.26458218693733215,0.3332473933696747,0.16516174376010895,0.00024149978708010167,0.842562735080719,0.13150590658187866,0.4951266348361969,3,0.27703866362571716,11,0.25111061334609985,7,0.13730396330356598
260,23,-0.0534331314265728,-0.1759873926639557,0.16838964819908142,0.33504045009613037,-0.0534331314265728,-0.1759873926639557,1.407002329826355,0.15101578831672668,1,1,1,51.12827682495117,51.430389404296875,-5.5848798751831055,5.584877967834473,0.2941577434539795,0.26246699690818787,0.28206169605255127,0.20173966884613037,0.00014206048217602074,0.9007068276405334,0.18345393240451813,0.3974877893924713,3,0.21077276766300201,11,0.18806540966033936,7,0.1507515013217926
260,24,-0.05695287883281708,0.016387974843382835,0.1750904619693756,0.09983178228139877,-0.05695287883281708,0.016387974843382835,1.4629919528961182,0.04499807581305504,1,1,0,54.75006103515625,51.6122932434082,-5.550539016723633,5.550537586212158,0.2952387034893036,0.2614608407020569,0.2359972447156906,0.24347861111164093,0.00010346440831199288,0.9293953776359558,0.24714335799217224,0.3111759424209595,7,0.15007847547531128,3,0.14546699821949005,15,0.1329081952571869
260,25,-0.0566251203417778,0.2086247354745865,0.17708709836006165,-0.1329006552696228,-0.0566251203417778,0.2086247354745865,1.479675054550171,-0.059903502464294434,1,1,0,55.49320602416992,49.70981216430664,-5.488890647888184,5.488888740539551,0.2951379120349884,0.261554479598999,0.19517743587493896,0.2903859317302704,9.403693547938019e-05,0.9371086359024048,0.3226328492164612,0.2374148666858673,6,0.18263176083564758,14,0.16185027360916138,7,0.13439267873764038
260,26,-0.05245262384414673,0.4008263647556305,0.17442908883094788,-0.36490243673324585,-0.05245262384414673,0.4008263647556305,1.4574657678604126,-0.16447575390338898,1,1,0,55.3293571472168,47.73686981201172,-5.408113956451416,5.408112049102783,0.29385697841644287,0.26274776458740234,0.15954189002513885,0.3422817289829254,0.00010677967657102272,0.9267534017562866,0.4091927409172058,0.17627939581871033,6,0.2516463100910187,14,0.22500573098659515,2,0.11729554831981659
260,27,-0.044436097145080566,0.5930960178375244,0.16713103652000427,-0.597908079624176,-0.044436097145080566,0.5930960178375244,1.3964859247207642,-0.2695004642009735,1,1,0,53.936161041259766,44.11282730102539,-5.321928977966309,5.321927547454834,0.29140520095825195,0.26504990458488464,0.12888258695602417,0.3987697958946228,0.0001506831613369286,0.8948614597320557,0.5050763487815857,0.1270863264799118,6,0.31615060567855835,14,0.2875572741031647,2,0.10218001902103424
260,28,-0.03257417678833008,0.7855337858200073,0.15517286956310272,-0.8336345553398132,-0.03257417678833008,0.7855337858200073,1.2965677976608276,-0.3757515847682953,1,1,0,52.49911880493164,40.30039978027344,-5.242125988006592,5.242124557495117,0.2877998352050781,0.26847925782203674,0.10287974774837494,0.45921528339385986,0.0002611830714158714,0.8329712152481079,0.6072600483894348,0.08868659287691116,6,0.3686927258968353,14,0.34394168853759766,2,0.08259964734315872
260,29,-0.016863500699400902,0.9782338738441467,0.1385001838207245,-1.073773741722107,-0.016863500699400902,0.9782338738441467,1.1572569608688354,-0.4839916527271271,1,1,0,49.58063888549805,34.845909118652344,-5.173337936401367,5.173336982727051,0.28306591510772705,0.2730634808540344,0.08113668113946915,0.5227317214012146,0.0005459316889755428,0.7317575812339783,0.7111878395080566,0.05967418849468231,6,0.4061904847621918,14,0.39183732867240906,2,0.06304753571748734
260,30,0.002701176330447197,1.171280860900879,0.11702470481395721,-1.3199824094772339,0.002701176330447197,1.171280860900879,0.9778156876564026,-0.5949674844741821,1,1,0,46.44375991821289,28.56634521484375,-5.108354091644287,5.1083526611328125,0.27723684906959534,0.2788390517234802,0.06321012228727341,0.5881800651550293,0.001341183320619166,0.5885952711105347,0.8105958700180054,0.03853380307555199,14,0.4312490224838257,6,0.42877107858657837,10,0.046345166862010956
260,31,0.026126794517040253,1.3647453784942627,0.09062506258487701,-1.5738674402236938,0.026126794517040253,1.3647453784942627,0.7572299242019653,-0.709403395652771,1,1,0,43.71678161621094,20.421865463256836,-5.003124713897705,5.003123760223389,0.2703547179698944,0.2858514189720154,0.04863711819052696,0.6541821956634521,0.003743500215932727,0.4164111614227295,0.897545576095581,0.023748479783535004,14,0.4618789255619049,6,0.43683934211730957,10,0.03433975949883461
260,32,0.05342170223593712,1.5586771965026855,0.05914771184325218,-1.8369641304016113,0.05342170223593712,1.5586771965026855,0.4942166805267334,-0.8279913067817688,1,1,0,39.51592254638672,12.604716300964355,-4.607576847076416,4.6075758934021,0.2624702751636505,0.29415425658226013,0.03695692494511604,0.7191520929336548,0.011368644423782825,0.24616076052188873,0.9628368020057678,0.01388165820389986,14,0.47360938787460327,6,0.42259591817855835,10,0.02433858811855316
260,33,0.08459524810314178,1.7530977725982666,0.02240842767059803,-2.110705614089966,0.08459524810314178,1.7530977725982666,0.18723663687705994,-0.951377272605896,1,1,0,28.752988815307617,6.2308268547058105,-2.5535929203033447,2.553591728210449,0.25364354252815247,0.30380913615226746,0.027728071436285973,0.7813444137573242,0.035582587122917175,0.11407826095819473,0.9969784617424011,0.007642138749361038,14,0.39812538027763367,6,0.3323861360549927,12,0.12418080866336823
260,34,0.11965719610452652,1.9479886293411255,-0.01980568654835224,-2.396381139755249,0.11965719610452652,1.9479886293411255,-0.1654890775680542,-1.0801423788070679,0,0,0,5.3755316734313965,3.5871329307556152,2.7083001136779785,-2.708301305770874,0.24394410848617554,0.31488510966300964,0.020540550351142883,0.8389230966567993,0.1073446199297905,0.03833390772342682,0.9918124675750732,0.0039322213269770145,12,0.40367117524147034,4,0.3127273917198181,14,0.14415527880191803
260,35,0.15861697494983673,1.7530453205108643,-0.06773331016302109,-2.1098458766937256,0.15861697494983673,1.7530453205108643,-0.5659548044204712,-0.9509897232055664,0,0,0,4.857916831970215,3.1527867317199707,5.1652512550354,-5.165252208709717,0.23345111310482025,0.32745662331581116,0.027730265632271767,0.7813282012939453,0.28759869933128357,0.00850003119558096,0.9969301819801331,0.007656947709619999,12,0.5434257388114929,4,0.38742032647132874,8,0.019286826252937317
260,36,0.1936778724193573,1.558663010597229,-0.10993023216724396,-1.8388395309448242,0.1936778724193573,1.558663010597229,-0.9185368418693542,-0.8288366198539734,0,0,0,4.035165309906006,2.610506057739258,5.418750286102295,-5.418751239776611,0.22426526248455048,0.3390030562877655,0.036957673728466034,0.7191475033760071,0.5409024357795715,0.0017822888912633061,0.9631944298744202,0.013826840557157993,12,0.5624752640724182,4,0.3721018433570862,8,0.028906136751174927
260,37,0.22485113143920898,1.3649137020111084,-0.14670701324939728,-1.5822241306304932,0.22485113143920898,1.3649137020111084,-1.2258301973342896,-0.713170051574707,0,0,0,3.0899412631988525,2.4992098808288574,5.427675724029541,-5.427676677703857,0.21630272269248962,0.3494502007961273,0.04862574115395546,0.6542393565177917,0.7833107709884644,0.0003814185911323875,0.900047779083252,0.02335980534553528,12,0.5601215958595276,4,0.3467041254043579,8,0.04163052514195442
260,38,0.25214940309524536,1.171810507774353,-0.1783515065908432,-1.338658332824707,0.25214940309524536,1.171810507774353,-1.4902399778366089,-0.6033854484558105,0,0,1,1.7785167694091797,2.3844833374023438,5.402642726898193,-5.40264368057251,0.2094881385564804,0.3587356507778168,0.0631658062338829,0.5883608460426331,0.9417852759361267,8.849332516547292e-05,0.8176279067993164,0.03722846508026123,12,0.5452390909194946,4,0.3183991312980652,8,0.05853629857301712
260,39,0.2755856215953827,0.9793256521224976,-0.2051246613264084,-1.1066687107086182,0.2755856215953827,0.9793256521224976,-1.7139467000961304,-0.4988187253475189,0,0,1,0.8826338052749634,2.5819480419158936,5.363512992858887,-5.363513946533203,0.20375533401966095,0.36680707335472107,0.0810248926281929,0.5230979919433594,0.9988452792167664,2.3331356715061702e-05,0.7250506281852722,0.05638987571001053,12,0.5164793133735657,4,0.28689584136009216,8,0.07999970763921738
